{
  "name": "es6-promise",
  "version": "3.0.2",
  "description": "A polyfill for ES6-style Promises, tracking rsvp",
  "authors": [
    "Stefan Penner <stefan.penner@gmail.com>"
  ],
  "main": "./promise.js",
  "keywords": [
    "promise"
  ],
  "repository": {
    "type": "git",
    "url": "git://github.com/jakearchibald/ES6-Promises.git"
  },
  "bugs": {
    "url": "https://github.com/jakearchibald/ES6-Promises/issues"
  },
  "license": "MIT",
  "homepage": "https://github.com/components/es6-promise",
  "_release": "3.0.2",
  "_resolution": {
    "type": "version",
    "tag": "v3.0.2",
    "commit": "d4eeb5879854d88c350225b5b993814bd075c2fa"
  },
  "_source": "https://github.com/components/es6-promise.git",
  "_target": "~3.0",
  "_originalSource": "es6-promise"
}