source,target,value
Игорь,Зина,1.2
Игорь,Марина,1.3
Сергей,Алиса,0.2
Эва,Алиса,0.5
Петр,Алиса,1.6
Марина,Алиса,0.4
Яков,Алиса,0.6
Игорь,Карина,0.7
Игорь,Николай,0.8
Роберт,Борис,0.8
Алиса,Марина,0.7
Игорь,Лида,0.5
Сергей,Яков,1.9
Слава,Яков,1.1
Маша,Яков,0.3
Саша,Слава,0.5
Яков,Слава,1.5
Алиса,Петр,1.1
Иван,Петр,1.6
Алиса,Эва,0.5
Игорь,Эва,0.1
Эва,Игорь,2.0
Георгий,Михаил,0.4
Эдуард,Михаил,0.6
Яков,Сергей,1.5
Алиса,Сергей,0.6
Яков,Маша,0.5
Петр,Иван,0.7
