{
  "name": "js-xlsx",
  "homepage": "https://github.com/SheetJS/js-xlsx",
  "main": "dist/xlsx.full.min.js",
  "ignore": [
    "bin",
    "bits",
    "misc",
    "**/.*"
  ],
  "keywords": [
    "excel",
    "xls",
    "xml",
    "xlsx",
    "xlsm",
    "xlsb",
    "ods",
    "js-xls",
    "js-xlsx"
  ],
  "version": "0.11.19",
  "_release": "0.11.19",
  "_resolution": {
    "type": "version",
    "tag": "v0.11.19",
    "commit": "75845a0ca722b634dd39993958ccf813a9649405"
  },
  "_source": "https://github.com/SheetJS/js-xlsx.git",
  "_target": "~0.11.5",
  "_originalSource": "js-xlsx"
}