[
    {
        "source": 0,
        "target": 0
    },
    {
        "source": 1,
        "target": 1
    },
    {
        "source": 1,
        "target": 7
    },
    {
        "source": 2,
        "target": 2
    },
    {
        "source": 3,
        "target": 1
    },
    {
        "source": 3,
        "target": 3
    },
    {
        "source": 3,
        "target": 9
    },
    {
        "source": 4,
        "target": 4
    },
    {
        "source": 6,
        "target": 5
    },
    {
        "source": 6,
        "target": 3
    },
    {
        "source": 8,
        "target": 8
    },
    {
        "source": 10,
        "target": 3
    },
    {
        "source": 11,
        "target": 3
    },
    {
        "source": 11,
        "target": 11
    }
]