[
    {
        "name": "Creighton Hospital"
    },
    {
        "name": "Heart Hospital"
    },
    {
        "name": "Marshall Regional Medical Center"
    },
    {
        "name": "McKennan Hospital & University Health Center"
    },
    {
        "name": "Queen of Peace Hospital"
    },
    {
        "name": "Sacred Heart Hospital"
    },
    {
        "name": "St. Luke's Hospital"
    },
    {
        "name": "St. Mary's Hospital"
    },
    {
        "name": "Milbank Area Hospital"
    },
    {
        "name": "Pipestone County Medical Center"
    },
    {
        "name": "St. Michael's Hospital"
    },
    {
        "name": "Wagner Community Memorial Hospital"
    }
]