{
  "name": "alasql",
  "description": "Versatile SQL database for browser or node. Handles both your (traditional) relational tables and nested JSON data (noSQL). Export, store, and import data from localStorage, IndexedDB, or Excel.",
  "license": "MIT",
  "keywords": [
    "sql",
    "nosql",
    "alasql",
    "javascript",
    "parser",
    "database",
    "DBMS",
    "data",
    "query",
    "localStorage",
    "IndexedDB",
    "SQLite",
    "JSON",
    "Excel",
    "XLSX",
    "XLS",
    "CSV",
    "worker"
  ],
  "authors": [
    "Andrey Gershun <agershun@gmail.com>"
  ],
  "homepage": "alasql.org",
  "repository": {
    "type": "git",
    "url": "https://github.com/agershun/alasql.git"
  },
  "dependencies": {
    "js-xlsx": "~0.11.5",
    "es6-promise": "~3.0"
  },
  "devDependencies": {
    "gulp": "3.8.11",
    "gulp-changed": "1.2.1",
    "gulp-concat-sourcemap": "1.3.1",
    "gulp-shell": "0.4.1",
    "jison": "0.4.15",
    "lodash": "3.7.0"
  },
  "main": [
    "./dist/alasql.min.js"
  ],
  "ignore": [
    "src",
    "test",
    "test-sql",
    "node_modules",
    "bower.json",
    "gruntfile.js",
    "package.json",
    "README.md",
    "bin",
    "lib"
  ],
  "version": "0.4.5",
  "_release": "0.4.5",
  "_resolution": {
    "type": "version",
    "tag": "0.4.5",
    "commit": "fa21439fbe4df930459416963d483326818a63e9"
  },
  "_source": "https://github.com/agershun/alasql.git",
  "_target": "^0.4.5",
  "_originalSource": "alasql"
}